{
  "k": 10,
  "alpha": 0.6,
  "collaborative": {
    "precision": 0.0023676880222841226,
    "recall": 0.010654596100278552,
    "ndcg": 0.005940619307140652
  },
  "content": {
    "precision": 0.0026462395543175488,
    "recall": 0.01288300835654596,
    "ndcg": 0.007756055541782604
  },
  "hybrid": {
    "precision": 0.0023676880222841226,
    "recall": 0.010654596100278552,
    "ndcg": 0.00602619388646445
  }
}